{
  "attack_epsilon": 0.03,
  "defense_results": {
    "none": {
      "recovery_rate": 0.0,
      "avg_time_ms": 0.4197475305838837
    },
    "jpeg": {
      "recovery_rate": 45.39007092198582,
      "avg_time_ms": 19.387219941715678
    },
    "blur": {
      "recovery_rate": 62.88416075650118,
      "avg_time_ms": 8.459496962990933
    },
    "bit_reduce": {
      "recovery_rate": 27.423167848699766,
      "avg_time_ms": 5.27372200841027
    },
    "resize": {
      "recovery_rate": 49.645390070921984,
      "avg_time_ms": 7.562200339059644
    }
  },
  "best_defense": "blur"
}